ime,prezime,br_kartice,email,broj_odr,broj_dece,cena,kom,kontakt,aran_id,broj_soba
Mckenzie,Robinson,drccrpjn,Blankenship@gmail.com,0,1,164,3,fylidqurkn,21521,1
Tara,Phillips,hcrwuaqo,Tran@gmail.com,3,1,130,3,ehmdwstzry,11395,4
Jeremiah,Murray,vzlfqhtg,Miller@gmail.com,1,1,175,3,kidlwthrke,24060,4
John,Gonzales,cqyhyikc,Alexander@gmail.com,0,1,390,5,dlafckegxn,44180,2
Dean,Griffin,wcwltikk,Hunt@gmail.com,0,1,100,5,lltrtxcivh,6279,4
Christopher,Manning,aohisncx,Perez@gmail.com,1,3,462,4,vschkldmvt,16618,3
Timothy,Wright,mzyundoh,White@gmail.com,3,3,280,1,qjbeyawmgm,36181,2
Amanda,Gill,sihoiymh,Brandt@gmail.com,2,1,232,3,jbjyjmibrk,35593,3
Charles,Alvarez,gccsgbov,Cervantes@gmail.com,1,2,498,4,hgssycjngn,10369,5
Hannah,Blanchard,ylrevgus,Smith@gmail.com,2,3,181,4,redbdcqklb,22354,4
Miranda,Franklin,ojovgkfe,Browning@gmail.com,0,0,336,3,oarwxdocli,48054,3
Edward,Snyder,nfyheyci,Martin@gmail.com,3,1,326,3,qmfsqsrkxg,22903,3
Kimberly,Nelson,atgmlfgm,Campbell@gmail.com,2,0,372,1,refqxwzhec,32110,4
Michael,Bailey,tmlkoavz,Perez@gmail.com,2,2,140,4,wpcgrdqszn,39888,1
Clifford,Zuniga,ekxjfwli,Harrison@gmail.com,1,2,436,4,tnqocenvqh,27177,2
Sean,Perry,jcexbzfv,Hurst@gmail.com,1,3,249,1,czobzymful,36932,3
Matthew,Ball,oacmfvgc,Lopez@gmail.com,2,3,289,4,lzxmwdprti,27848,1
Emily,Baker,knoixmid,Murphy@gmail.com,1,0,279,1,jppzdletlo,6500,4
Jennifer,Simon,kwubbmpl,Alexander@gmail.com,3,2,172,1,fencoraeda,11343,1
Robert,Taylor,waywuzxk,Long@gmail.com,0,3,423,4,sbnklrftac,39583,5
Donald,English,tsqwbozh,Medina@gmail.com,3,0,294,2,ydwixczwkt,23155,1
Rebecca,Flores,szilrexc,Clark@gmail.com,3,1,335,2,uvhefyrkjs,6167,2
Sean,Howell,etpvcbwx,Young@gmail.com,0,2,329,2,tguaaykiam,16394,4
Bruce,Kramer,amalhgle,Jones@gmail.com,2,1,490,2,kdexsipwnb,11416,1
Jason,Smith,lvfeeiun,Burns@gmail.com,1,0,398,4,himctjnmde,38932,3
Meagan,Valencia,foaxuxdp,Christian@gmail.com,0,3,181,5,lkmzojaqqc,15516,3
Brian,Crawford,spqxnnya,Garcia@gmail.com,3,0,349,2,uxquyovuev,35449,3
Lauren,Espinoza,octguqhk,Williams@gmail.com,2,3,497,4,uvfoshjijf,28677,5
Christopher,Salas,stgrrhan,Fry@gmail.com,0,1,183,1,gfmgtictle,5151,5
Paul,Lowe,unnkjlks,Maxwell@gmail.com,2,2,467,3,xztfdaunfl,18854,3
Tyler,Abbott,istmgild,Day@gmail.com,3,0,444,5,xyottqjxlb,7559,1
Daniel,Espinoza,uvzfjcir,Hardin@gmail.com,2,2,463,4,rvlyzfcrpq,15336,5
Nathaniel,Kelley,avdntwvt,Doyle@gmail.com,2,3,295,5,qkwxhrcrlb,16355,1
Deborah,Russell,kpssbeim,Gonzalez@gmail.com,1,3,494,5,jrxoruutwm,16443,3
Aaron,Harris,lxnappuk,Obrien@gmail.com,3,0,139,2,gifnrcxqxw,42345,1
Victoria,Hale,ddgqdffr,Snow@gmail.com,1,1,444,4,yexqdovjmf,42987,1
David,Bowman,dxefqbcr,Bentley@gmail.com,1,2,314,4,nvlndhzqmv,33236,2
Brian,Mcneil,zefcwpzi,Hall@gmail.com,3,2,221,3,nfsfedorwt,41337,4
Julia,Green,pxufryoh,Adams@gmail.com,0,1,231,4,ghdjbymxpo,8124,4
Joann,Thomas,mjjxjhgt,Hernandez@gmail.com,1,0,246,1,ygujtbyido,19900,1
Toni,Woods,svlrehsi,Sharp@gmail.com,2,1,121,3,awpwhxbldj,42217,5
Nicole,Williams,wnyiqlbo,Vasquez@gmail.com,2,1,357,2,temxaqwugf,19311,3
Crystal,Smith,ricbpcde,Shaw@gmail.com,0,2,185,5,cdsnpkokdc,1874,2
Laura,Perez,skoyvein,Shannon@gmail.com,3,1,141,5,uzfwsereoi,25590,2
Anna,Ramirez,kyjuqmid,Smith@gmail.com,0,0,343,3,kegbedfjwq,30883,5
Cynthia,Robinson,uxzophul,Cook@gmail.com,1,3,481,5,oprdgxqgmy,21780,3
Julia,Lopez,otddlpij,Taylor@gmail.com,1,2,427,5,xrkmemlojv,28703,3
Eugene,Jordan,yhfgjfwy,Lewis@gmail.com,3,3,164,2,flurbpfsrh,45083,5
Jeremy,Lane,fpssgxji,Jones@gmail.com,1,3,364,5,hotrsgyqhl,42501,1
Samuel,Carrillo,xmypberu,Dennis@gmail.com,1,3,176,3,tnwbxmmspo,41366,3
Renee,Zimmerman,dvrcbzkx,Blackwell@gmail.com,1,2,469,1,lanalcqqbv,39843,1
Joshua,Santana,mpkwwrwo,Miller@gmail.com,3,1,491,3,aheumrpyao,31828,3
David,Davis,wdlolpch,Hart@gmail.com,2,1,357,5,gsuhvdybug,48992,4
Dylan,Nelson,lapjmqcj,Hartman@gmail.com,2,3,117,5,nuiuiulcrt,30180,3
David,Kim,bjfviiaw,Rivera@gmail.com,1,2,250,3,qneqntlvyh,20868,2
Daniel,Martin,yxhqkifm,Crosby@gmail.com,1,2,440,4,tpeujnjxaw,42312,1
Todd,Lewis,tzlqrizw,Roman@gmail.com,3,3,123,3,mpqkjmdtwz,10445,2
Trevor,Mccoy,zatczmlt,Hendricks@gmail.com,1,1,275,3,lqsvaflueb,41368,4
Mathew,Sweeney,bcljvgry,Delgado@gmail.com,3,1,314,1,bipijjijfh,31000,3
Paul,Sawyer,vriwcojg,Smith@gmail.com,3,2,339,2,kjpvdflodb,35763,2
Edward,Boyd,zbjfrebu,Young@gmail.com,0,1,429,1,vsyelgemol,20910,2
Elizabeth,Garcia,gpulzfhv,Garrison@gmail.com,2,2,436,2,srmlfjhkft,21801,4
Laura,Garcia,mquwegtt,Berry@gmail.com,2,1,179,1,pgyjfqokmh,18684,1
Emily,Green,bhtlztxd,Skinner@gmail.com,2,1,433,5,krfvbzigjh,37989,3
Juan,Burns,vgdneasi,Sutton@gmail.com,0,0,226,4,lwosimzumu,49304,1
Erin,Morris,hxppmwmb,Sherman@gmail.com,2,3,276,1,bxbhqhrxye,28639,2
William,Hamilton,tfeyyrms,Simmons@gmail.com,3,0,310,2,kcfrlzbubp,30769,5
Eric,Drake,lzuvdqoq,Barry@gmail.com,3,1,463,5,ivbzzrtlzz,45907,2
Michael,Vazquez,cmkxhxeu,Jennings@gmail.com,3,0,368,2,nzvjpdyuoj,30501,5
John,Meyer,pomiohbm,Price@gmail.com,1,2,411,5,ndohtojgml,16846,3
Kristin,Williamson,gnkjigmy,Wong@gmail.com,2,3,263,2,exghykvidq,21931,3
Angela,Stephenson,fmbdhyzg,Ellis@gmail.com,3,2,196,5,vszatxmvyt,28383,4
Regina,Webb,mbklthog,Fernandez@gmail.com,1,3,403,4,lnjtjllmhw,33570,5
Candice,Rose,cvrarxip,Ali@gmail.com,0,3,211,1,lhupkfiezq,3086,3
Steven,Cooper,gnfiqtuy,Williams@gmail.com,1,2,485,2,gysigxfxcd,5470,1
James,Moore,ellwhzvo,Gordon@gmail.com,3,2,290,4,uxciyahmpn,38216,4
Troy,Mcdaniel,kkbchfzo,Williams@gmail.com,3,0,261,1,nfclawhazl,5651,3
Jason,Curry,lgnxzzeg,Lawson@gmail.com,0,2,452,1,chayyuskte,25993,2
Suzanne,Davis,vumyqhqn,Friedman@gmail.com,0,1,172,1,mbgfljksok,43939,2
Scott,Marshall,bxrflurz,Wade@gmail.com,0,3,142,4,mywtwgzhga,32533,5
Thomas,Arnold,dbselxek,Cook@gmail.com,0,2,284,2,ajcuwfswag,30607,1
Cynthia,Melendez,wvwyidii,Cook@gmail.com,1,1,367,5,havpxhqyeg,168,5
Wayne,Edwards,qtqrfsha,Robinson@gmail.com,2,0,181,5,cznurqakov,17981,3
Ryan,Alexander,albvgpbv,Wolf@gmail.com,1,0,230,1,jxpepipfbd,40332,4
Michael,Thompson,tfjjzhum,Franklin@gmail.com,1,2,118,3,jfvgoyhqdp,8303,5
Kathryn,Webb,gxgaeawq,Zuniga@gmail.com,1,3,149,2,pmjtsxelak,46082,1
James,Larson,akxxojmr,Soto@gmail.com,0,3,165,3,rcfweefhfh,2085,2
Patricia,Wilkins,ambnhdma,Hernandez@gmail.com,0,1,419,4,jirzmebnno,6391,4
Levi,Campbell,gagniube,Perez@gmail.com,0,1,368,3,fmlharomdo,44996,1
Justin,Davis,aiziyaim,Reid@gmail.com,0,1,396,5,igiwvgkcpe,29152,3
Joshua,Smith,yigtdgpc,Robinson@gmail.com,1,1,382,3,pxadocfyfx,11790,1
Gregory,Cummings,wbsigrgg,Lowery@gmail.com,1,3,113,5,namfcorptn,41529,1
Hayley,Harris,fincwqyj,Ellis@gmail.com,0,2,104,3,ozhyacmotr,42223,2
Juan,Jackson,wgaazrar,Garcia@gmail.com,0,2,242,3,ezmejmeccy,35549,1
Jennifer,Rodriguez,tpkrinot,Harris@gmail.com,3,1,197,4,xssocmpeqd,11639,4
Alicia,Gibson,zduerkgs,Perez@gmail.com,1,1,410,4,fexwycmdhj,48725,4
Laura,Miller,qyujmzlb,Miller@gmail.com,0,3,233,2,pnymfakbqm,12418,4
Gary,Anderson,iseutyzt,Rodriguez@gmail.com,1,0,276,5,zlmondapvp,32738,1
Ronald,Hart,xbfgmfvs,Horne@gmail.com,2,3,315,4,ymlxrmmhwb,37427,4
Angela,Banks,jorkcxan,Luna@gmail.com,2,0,224,5,buyibxaqkl,15835,5
Jennifer,Collins,kqkeupyw,Rodriguez@gmail.com,2,3,358,1,pvdxytcvwn,24252,5
Matthew,Martinez,tcfrkcjl,Clark@gmail.com,1,1,322,2,vsspahuoqc,33820,3
Andrew,Dixon,laneiucj,Jones@gmail.com,1,3,314,1,wmsiohylqd,41646,2
Laura,Rice,smtqxcxx,Hicks@gmail.com,3,1,416,5,drvqzcsgys,27707,4
Keith,Garcia,tsnpqdeo,Alvarez@gmail.com,0,2,240,5,gbvorlnsgh,4153,4
Nathan,Foster,vboiunup,Perez@gmail.com,2,0,456,5,zwymtjmbup,4596,5
April,Johnson,izheoyih,Foster@gmail.com,3,1,302,2,adxolloxru,45879,2
Angela,Dillon,lliawach,Perry@gmail.com,0,2,107,2,vkhbbmcbdw,5863,5
Penny,Terry,qiujrfde,Perry@gmail.com,3,3,422,2,nuhpyskajb,40472,5
John,Browning,yspkkdnc,Merritt@gmail.com,3,0,373,1,gmqivbtruf,7764,4
Sandra,Jones,atltofie,Rodriguez@gmail.com,0,2,185,3,ihqkloyvzw,14715,3
Michael,Braun,irbbhscl,Golden@gmail.com,2,0,333,3,tidqsntmrt,35536,1
Jeffrey,Acevedo,bfoftdch,Alexander@gmail.com,1,2,285,3,zifhtvvknm,18207,5
Joseph,Coleman,konrpuui,Parker@gmail.com,3,0,408,2,yabawrqwdg,45581,5
Anna,Ruiz,yucyyrtw,Mcdonald@gmail.com,1,2,271,4,odufaiogth,14733,3
Johnny,Brock,ixfhluyb,Frey@gmail.com,1,2,437,4,jjpyixfdcy,47838,4
Donna,Cunningham,ntwkocqp,Waller@gmail.com,2,1,485,1,tejbgxaymv,47798,3
Christine,Newman,vdssdywb,Gonzalez@gmail.com,1,1,186,3,phxqkttymc,29628,1
Mark,Lewis,zufyghhe,Hill@gmail.com,0,0,219,1,jujeikejzh,8693,4
Adam,Buck,ozxkqtja,Webb@gmail.com,3,2,429,2,gioumuuwey,4070,1
Eric,Williams,ifxajrxf,Vargas@gmail.com,3,2,382,3,bpcbfyxbpa,28786,2
Gregory,Carr,hqqlckih,Smith@gmail.com,1,0,203,4,pwdeshuhoz,25934,1
Robert,Smith,mmglursl,Caldwell@gmail.com,0,1,389,1,qcwbghkbnd,34420,3
Sabrina,Wilkerson,otldgblm,Howard@gmail.com,0,1,269,2,lddvchdgtg,33080,2
Jessica,Conley,zfhbgeig,Watson@gmail.com,2,0,232,2,zjavmhfhzu,31525,4
David,Wilson,wdzqlgbx,Perry@gmail.com,2,1,411,5,ydppfxazgb,329,5
Miguel,Howell,auzmafcx,Johnson@gmail.com,1,2,368,3,wxysotwivu,39267,1
Matthew,Russo,heiwvdnz,Campbell@gmail.com,2,1,377,5,snadkidndl,22026,1
Jamie,Hawkins,fsizmohz,Sanford@gmail.com,3,2,489,2,lbuupfqdfe,10924,4
Sandra,Bell,grnjonfj,Browning@gmail.com,1,1,284,3,rdpgiexkdb,15431,3
David,Henry,ukovoghv,Jones@gmail.com,1,2,427,3,ijprwuzobs,2495,3
Peter,Morgan,yvadkncz,Cross@gmail.com,0,0,182,2,ujfxbeiyzp,16889,5
Wanda,Lutz,wukjjsqh,Kelley@gmail.com,3,3,143,5,eimjueclrp,31886,1
Micheal,Stewart,wcfmlong,Thomas@gmail.com,3,1,313,4,btgwpybkja,28523,3
Courtney,Henry,uuyjtudv,Hutchinson@gmail.com,0,3,150,3,hvsbtkowjz,27775,1
Samantha,Grant,rexxvewm,Pierce@gmail.com,1,3,383,1,utgojgrpvg,35720,2
Morgan,Page,apkvkcmp,Green@gmail.com,1,0,133,4,gijauovbws,37819,2
Michael,Mcdonald,dexoqrkv,Fernandez@gmail.com,1,0,101,4,ipcafcmaus,6180,4
Aaron,Mccoy,bcrlvuxj,Mcbride@gmail.com,1,0,239,3,lyfntwbirh,17676,5
Laura,Trujillo,tnesadam,Roman@gmail.com,1,2,349,4,brghusnsql,6770,5
Brandon,Howard,sdissjmh,Gonzalez@gmail.com,2,0,470,1,fdxxdjsrwk,29438,5
Dawn,James,xmvkhjbb,Perez@gmail.com,2,2,305,2,ctbrvulwcb,3421,3
Lisa,Carroll,qrnzipgq,Lopez@gmail.com,0,0,436,4,njuldwaqzn,34932,4
Gavin,Thomas,yclxxmyq,Mathews@gmail.com,2,1,185,2,emyciimryj,24668,1
Christopher,Scott,luycgqte,Burke@gmail.com,0,3,456,2,erszfatmww,17114,3
Darin,Wong,xiobpujj,Stevens@gmail.com,1,2,173,1,mgssgljedq,18242,3
Jessica,Daniels,hfgorrkx,Garrett@gmail.com,0,0,314,1,gmcjqigusd,45123,2
Susan,Hall,fjhwdtun,Johnson@gmail.com,1,0,496,3,olnxgzytuq,28332,2
Robert,Smith,svamnbca,Rios@gmail.com,0,0,193,1,dzryosiwfr,28857,4
Tamara,Byrd,oxnqemov,Johnson@gmail.com,1,1,312,3,rnevgdbtzx,19227,5
